<repast.simphony.visualization.engine.DefaultDisplayDescriptor>
  <name>Space Display</name>
  <type>TWO_D</type>
  <styles>
    <entry>
      <string>nl.tudelft.bw4t.blocks.Block</string>
      <string>nl.tudelft.bw4t.visualizations.BlockStyle</string>
    </entry>
    <entry>
      <string>nl.tudelft.bw4t.rooms.BlocksRoom</string>
      <string>nl.tudelft.bw4t.visualizations.RoomStyle</string>
    </entry>
    <entry>
      <string>nl.tudelft.bw4t.robots.Robot</string>
      <string>nl.tudelft.bw4t.visualizations.RobotStyle</string>
    </entry>
    <entry>
      <string>nl.tudelft.bw4t.rooms.DropZone</string>
      <string>nl.tudelft.bw4t.visualizations.DropZoneStyle</string>
    </entry>
    <entry>
      <string>nl.tudelft.bw4t.doors.Door</string>
      <string>nl.tudelft.bw4t.visualizations.DoorStyle</string>
    </entry>
    
  </styles>
  <editedStyles>
    <entry>
      <string>nl.tudelft.bw4t.blocks.Block</string>
      <null/>
    </entry>
    <entry>
      <string>nl.tudelft.bw4t.rooms.BlocksRoom</string>
      <null/>
    </entry>
    <entry>
      <string>nl.tudelft.bw4t.robots.Robot</string>
      <null/>
    </entry>
    <entry>
      <string>nl.tudelft.bw4t.rooms.DropZone</string>
      <null/>
    </entry>
    <entry>
      <string>nl.tudelft.bw4t.doors.Door</string>
      <null/>
    </entry>
  </editedStyles>
  <netStyles/>
  <editedNetStyles/>
  <frequency>ON_MOVE</frequency>
  <schedParams>
    <start>1.0</start>
    <interval>1.0</interval>
    <priority>-Infinity</priority>
    <duration>-1.0</duration>
    <frequency>REPEAT</frequency>
  </schedParams>
  <layoutClassName>foo.bar.baz</layoutClassName>
  <layoutProjection>BW4T_Projection</layoutProjection>
  <layoutInterval>0</layoutInterval>
  <layerOrder>
    <entry>
      <string>nl.tudelft.bw4t.doors.Door</string>
      <int>3</int>
    </entry>  
    <entry>
      <string>nl.tudelft.bw4t.blocks.Block</string>
      <int>2</int>
    </entry>
    <entry>
      <string>nl.tudelft.bw4t.rooms.BlocksRoom</string>
      <int>1</int>
    </entry>
    <entry>
      <string>nl.tudelft.bw4t.robots.Robot</string>
      <int>4</int>
    </entry>
    <entry>
      <string>nl.tudelft.bw4t.rooms.DropZone</string>
      <int>0</int>
    </entry>
  </layerOrder>
  <projections>
    <repast.simphony.scenario.data.ProjectionData>
      <id>BW4T_Projection</id>
      <attributes/>
      <type>CONTINUOUS_SPACE</type>
    </repast.simphony.scenario.data.ProjectionData>
  </projections>
  <valueLayers/>
  <visualizationProperties class="repast.simphony.visualization.UnitSizeLayoutProperties">
    <unitSize>15.0</unitSize>
  </visualizationProperties>
  <projectionDescriptors>
    <entry>
      <string>BW4T_Projection</string>
      <repast.simphony.visualization.continuous.ContinuousProjectionDescriptor>
        <proj reference="../../../../projections/repast.simphony.scenario.data.ProjectionData"/>
        <props>
          <entry>
            <string>repast.simphony.visualization.continuous.ContinuousDecorator</string>
            <map>
              <entry>
                <string>UNIT_SIZE</string>
                <float>15.0</float>
              </entry>
              <entry>
                <string>SHOW</string>
                <boolean>true</boolean>
              </entry>
              <entry>
                <string>COLOR</string>
                <int>-16777216</int>
              </entry>
            </map>
          </entry>
        </props>
      </repast.simphony.visualization.continuous.ContinuousProjectionDescriptor>
    </entry>
  </projectionDescriptors>
  <props/>
  <backgroundColor>
    <red>255</red>
    <green>255</green>
    <blue>255</blue>
    <alpha>255</alpha>
  </backgroundColor>
</repast.simphony.visualization.engine.DefaultDisplayDescriptor>